,accuracy,precision,recall,f1,roc_auc
Logistic Regression,0.71384,0.9975722673893406,0.7130347054075867,0.8316388967335028,0.8431328417345367
Random Forest,0.89012,0.9970223325062034,0.8918079096045197,0.9414847161572053,0.8870364663585003
Neural Network,0.93776,0.99556162512803,0.9414043583535109,0.9677258773749274,0.8563241984004695
XGBoost,0.82036,0.9958938260742044,0.8221549636803874,0.9007228596060747,0.8173035439137134
LightGBM,0.57788,0.998179144197773,0.575181598062954,0.7298189917816637,0.8333267297674076
